{
    "name": "root",
    "gauges": {
        "Jump.Policy.Entropy.mean": {
            "value": 0.6893776059150696,
            "min": 0.6893776059150696,
            "max": 0.6927387714385986,
            "count": 2
        },
        "Jump.Policy.ExtrinsicValueEstimate.mean": {
            "value": -0.024912547320127487,
            "min": -0.024912547320127487,
            "max": 0.026218922808766365,
            "count": 2
        },
        "Jump.Policy.CuriosityValueEstimate.mean": {
            "value": 0.3198391795158386,
            "min": 0.3198391795158386,
            "max": 0.33708325028419495,
            "count": 2
        },
        "Jump.Environment.EpisodeLength.mean": {
            "value": 402.72,
            "min": 402.72,
            "max": 408.375,
            "count": 2
        },
        "Jump.Environment.CumulativeReward.mean": {
            "value": -0.8199999955296516,
            "min": -0.8199999955296516,
            "max": -0.8041666572292646,
            "count": 2
        },
        "Jump.Policy.ExtrinsicReward.mean": {
            "value": -0.8199999955296516,
            "min": -0.8199999955296516,
            "max": -0.8041666572292646,
            "count": 2
        },
        "Jump.Policy.CuriosityReward.mean": {
            "value": 0.013105975758226123,
            "min": 0.0002988881439402273,
            "max": 0.013105975758226123,
            "count": 2
        },
        "Jump.Losses.ValueLoss.mean": {
            "value": 0.012200763449072838,
            "min": 0.012200763449072838,
            "max": 0.025637323036789894,
            "count": 2
        },
        "Jump.Losses.PolicyLoss.mean": {
            "value": 0.13618165254592896,
            "min": 0.13618165254592896,
            "max": 0.14043153822422028,
            "count": 2
        },
        "Jump.Policy.LearningRate.mean": {
            "value": 0.00029999998514540493,
            "min": 0.00029999998514540493,
            "max": 0.00029999998514540493,
            "count": 2
        },
        "Jump.Policy.Epsilon.mean": {
            "value": 0.20000003278255463,
            "min": 0.20000003278255463,
            "max": 0.20000003278255463,
            "count": 2
        },
        "Jump.Policy.Beta.mean": {
            "value": 0.004999999422580004,
            "min": 0.004999999422580004,
            "max": 0.004999999422580004,
            "count": 2
        },
        "Jump.Losses.CuriosityForwardLoss.mean": {
            "value": 0.003249273868277669,
            "min": 0.003249273868277669,
            "max": 0.036422666162252426,
            "count": 2
        },
        "Jump.Losses.CuriosityInverseLoss.mean": {
            "value": 0.6920387148857117,
            "min": 0.6920387148857117,
            "max": 0.694329559803009,
            "count": 2
        },
        "Jump.IsTraining.mean": {
            "value": 1.0,
            "min": 1.0,
            "max": 1.0,
            "count": 2
        }
    },
    "metadata": {
        "timer_format_version": "0.1.0",
        "start_time_seconds": "1606126618",
        "python_version": "3.7.4 (default, Aug  9 2019, 18:34:13) [MSC v.1915 64 bit (AMD64)]",
        "command_line_arguments": "C:\\Users\\laura\\Anaconda3\\Scripts\\mlagents-learn Jumper.yml --run-id Jumper-05",
        "mlagents_version": "0.21.0",
        "mlagents_envs_version": "0.21.0",
        "communication_protocol_version": "1.2.0",
        "tensorflow_version": "2.3.1",
        "numpy_version": "1.16.5",
        "end_time_seconds": "1606126802"
    },
    "total": 184.20463600000002,
    "count": 1,
    "self": 0.010194200000029241,
    "children": {
        "run_training.setup": {
            "total": 0.014530300000000551,
            "count": 1,
            "self": 0.014530300000000551
        },
        "TrainerController.start_learning": {
            "total": 184.1799115,
            "count": 1,
            "self": 0.83682810000073,
            "children": {
                "TrainerController._reset_env": {
                    "total": 12.716125599999998,
                    "count": 1,
                    "self": 12.716125599999998
                },
                "TrainerController.advance": {
                    "total": 169.98761479999925,
                    "count": 25934,
                    "self": 0.40238949999877605,
                    "children": {
                        "env_step": {
                            "total": 169.58522530000047,
                            "count": 25934,
                            "self": 147.02918179999995,
                            "children": {
                                "SubprocessEnvManager._take_step": {
                                    "total": 22.115475000001407,
                                    "count": 25934,
                                    "self": 0.8344302999996245,
                                    "children": {
                                        "TFPolicy.evaluate": {
                                            "total": 21.281044700001782,
                                            "count": 25934,
                                            "self": 21.281044700001782
                                        }
                                    }
                                },
                                "workers": {
                                    "total": 0.4405684999991166,
                                    "count": 25933,
                                    "self": 0.0,
                                    "children": {
                                        "worker_root": {
                                            "total": 172.2731254000014,
                                            "count": 25933,
                                            "is_parallel": true,
                                            "self": 55.33110900000092,
                                            "children": {
                                                "steps_from_proto": {
                                                    "total": 0.0003299000000005492,
                                                    "count": 1,
                                                    "is_parallel": true,
                                                    "self": 0.0001838000000002893,
                                                    "children": {
                                                        "_process_vector_observation": {
                                                            "total": 0.0001461000000002599,
                                                            "count": 2,
                                                            "is_parallel": true,
                                                            "self": 0.0001461000000002599
                                                        }
                                                    }
                                                },
                                                "UnityEnvironment.step": {
                                                    "total": 116.94168650000047,
                                                    "count": 25933,
                                                    "is_parallel": true,
                                                    "self": 2.527022099999556,
                                                    "children": {
                                                        "UnityEnvironment._generate_step_input": {
                                                            "total": 2.2809827000019656,
                                                            "count": 25933,
                                                            "is_parallel": true,
                                                            "self": 2.2809827000019656
                                                        },