{
    "name": "root",
    "metadata": {
        "timer_format_version": "0.1.0",
        "start_time_seconds": "1606126265",
        "python_version": "3.7.4 (default, Aug  9 2019, 18:34:13) [MSC v.1915 64 bit (AMD64)]",
        "command_line_arguments": "C:\\Users\\laura\\Anaconda3\\Scripts\\mlagents-learn Jumper.yml --run-id Jumper-03",
        "mlagents_version": "0.21.0",
        "mlagents_envs_version": "0.21.0",
        "communication_protocol_version": "1.2.0",
        "tensorflow_version": "2.3.1",
        "numpy_version": "1.16.5",
        "end_time_seconds": "1606126351"
    },
    "total": 85.79993830000001,
    "count": 1,
    "self": 0.009634000000005472,
    "children": {
        "run_training.setup": {
            "total": 0.013201600000000369,
            "count": 1,
            "self": 0.013201600000000369
        },
        "TrainerController.start_learning": {
            "total": 85.7771027,
            "count": 1,
            "self": 0.2502970000006144,
            "children": {
                "TrainerController._reset_env": {
                    "total": 25.2340743,
                    "count": 1,
                    "self": 25.2340743
                },
                "TrainerController.advance": {
                    "total": 59.88094449999937,
                    "count": 8001,
                    "self": 0.11743869999889966,
                    "children": {
                        "env_step": {
                            "total": 59.76350580000047,
                            "count": 8001,
                            "self": 53.36503330000041,
                            "children": {
                                "SubprocessEnvManager._take_step": {
                                    "total": 6.27103459999984,
                                    "count": 8001,
                                    "self": 0.24335859999990106,
                                    "children": {
                                        "TFPolicy.evaluate": {
                                            "total": 6.027675999999939,
                                            "count": 8001,
                                            "self": 6.027675999999939
                                        }
                                    }
                                },
                                "workers": {
                                    "total": 0.1274379000002206,
                                    "count": 8000,
                                    "self": 0.0,
                                    "children": {
                                        "worker_root": {
                                            "total": 61.48723930000013,
                                            "count": 8000,
                                            "is_parallel": true,
                                            "self": 16.61328739999999,
                                            "children": {
                                                "steps_from_proto": {
                                                    "total": 0.00040480000000187033,
                                                    "count": 1,
                                                    "is_parallel": true,
                                                    "self": 0.00020159999999691536,
                                                    "children": {
                                                        "_process_vector_observation": {
                                                            "total": 0.00020320000000495497,
                                                            "count": 4,
                                                            "is_parallel": true,
                                                            "self": 0.00020320000000495497
                                                        }
                                                    }
                                                },
                                                "UnityEnvironment.step": {
                                                    "total": 44.87354710000014,
                                                    "count": 8000,
                                                    "is_parallel": true,
                                                    "self": 0.8137173000000928,
                                                    "children": {
                                                        "UnityEnvironment._generate_step_input": {
                                                            "total": 0.6951834000001078,
                                                            "count": 8000,
                                                            "is_parallel": true,
                                                            "self": 0.6951834000001078
                                                        },
                                                        "communicator.exchange": {
                                                            "total": 40.98264639999996,
                                                            "count": 8000,
                                                            "is_parallel": true,
                                                            "self": 40.98264639999996
                                                        },
                                                        "steps_from_proto": {
                                                            "total": 2.38199999999998,
                                                            "count": 8000,
                                                            "is_parallel": true,
                                                            "self": 1.1707480999998303,
                                                            "children": {
                                                                "_process_vector_observation": {
                                                                    "total": 1.2112519000001498,
                                                                    "count": 32000,
                                                                    "is_parallel": true,
                                                                    "self": 1.2112519000001498
                                                                }
                                                            }
                                                        }
                                                    }
                                                }
                                            }
                                        }
                                    }
                                }
                            }
                        }
                    }
                },
                "trainer_threads": {
                    "total": 1.900000000887303e-05,
                    "count": 1,
                    "self": 1.900000000887303e-05,
                    "children": {
                        "thread_root": {
                            "total": 0.0,
                            "count": 0,
                            "is_parallel": true,
                            "self": 0.0,
                            "children": {
                                "trainer_advance": {
                                    "total": 59.519858099999496,
                                    "count": 29842,
                                    "is_parallel": true,
                                    "self": 1.1869854999993166,
                                    "children": {
                                        "process_trajectory": {
                                            "total": 58.33287260000018,
                                            "count": 29842,
                                            "is_parallel": true,