{
    "name": "root",
    "metadata": {
        "timer_format_version": "0.1.0",
        "start_time_seconds": "1606126155",
        "python_version": "3.7.4 (default, Aug  9 2019, 18:34:13) [MSC v.1915 64 bit (AMD64)]",
        "command_line_arguments": "C:\\Users\\laura\\Anaconda3\\Scripts\\mlagents-learn Jumper.yml --run-id Jumper-02",
        "mlagents_version": "0.21.0",
        "mlagents_envs_version": "0.21.0",
        "communication_protocol_version": "1.2.0",
        "tensorflow_version": "2.3.1",
        "numpy_version": "1.16.5",
        "end_time_seconds": "1606126239"
    },
    "total": 83.6952193,
    "count": 1,
    "self": 0.01108700000001761,
    "children": {
        "run_training.setup": {
            "total": 0.013047499999999879,
            "count": 1,
            "self": 0.013047499999999879
        },
        "TrainerController.start_learning": {
            "total": 83.67108479999999,
            "count": 1,
            "self": 0.09195509999990747,
            "children": {
                "TrainerController._reset_env": {
                    "total": 17.241262,
                    "count": 1,
                    "self": 17.241262
                },
                "TrainerController.advance": {
                    "total": 65.89856400000008,
                    "count": 2801,
                    "self": 0.043669300000004796,
                    "children": {
                        "env_step": {
                            "total": 65.85489470000007,
                            "count": 2801,
                            "self": 63.53231500000054,
                            "children": {
                                "SubprocessEnvManager._take_step": {
                                    "total": 2.2780533999997097,
                                    "count": 2801,
                                    "self": 0.08542919999959864,
                                    "children": {
                                        "TFPolicy.evaluate": {
                                            "total": 2.192624200000111,
                                            "count": 2801,
                                            "self": 2.192624200000111
                                        }
                                    }
                                },
                                "workers": {
                                    "total": 0.04452629999982349,
                                    "count": 2800,
                                    "self": 0.0,
                                    "children": {
                                        "worker_root": {
                                            "total": 23.983276999999955,
                                            "count": 2800,
                                            "is_parallel": true,
                                            "self": 7.093974299999804,
                                            "children": {
                                                "steps_from_proto": {
                                                    "total": 0.00039029999999939946,
                                                    "count": 1,
                                                    "is_parallel": true,
                                                    "self": 0.00019029999999986558,
                                                    "children": {
                                                        "_process_vector_observation": {
                                                            "total": 0.00019999999999953388,
                                                            "count": 4,
                                                            "is_parallel": true,
                                                            "self": 0.00019999999999953388
                                                        }
                                                    }
                                                },
                                                "UnityEnvironment.step": {
                                                    "total": 16.88891240000015,
                                                    "count": 2800,
                                                    "is_parallel": true,
                                                    "self": 0.28449210000026426,
                                                    "children": {
                                                        "UnityEnvironment._generate_step_input": {
                                                            "total": 0.24321340000003744,
                                                            "count": 2800,
                                                            "is_parallel": true,
                                                            "self": 0.24321340000003744
                                                        },
                                                        "communicator.exchange": {
                                                            "total": 15.508521799999905,
                                                            "count": 2800,
                                                            "is_parallel": true,
                                                            "self": 15.508521799999905
                                                        },
                                                        "steps_from_proto": {
                                                            "total": 0.8526850999999454,
                                                            "count": 2800,
                                                            "is_parallel": true,
                                                            "self": 0.4181948999998575,
                                                            "children": {
                                                                "_process_vector_observation": {
                                                                    "total": 0.43449020000008787,
                                                                    "count": 11200,
                                                                    "is_parallel": true,
                                                                    "self": 0.43449020000008787
                                                                }
                                                            }
                                                        }
                                                    }
                                                }
                                            }
                                        }
                                    }
                                }
                            }
                        }
                    }
                },
                "trainer_threads": {
                    "total": 4.289999999684824e-05,
                    "count": 1,
                    "self": 4.289999999684824e-05,
                    "children": {
                        "thread_root": {
                            "total": 0.0,
                            "count": 0,
                            "is_parallel": true,
                            "self": 0.0,
                            "children": {
                                "trainer_advance": {
                                    "total": 65.3775503999989,
                                    "count": 32923,
                                    "is_parallel": true,
                                    "self": 1.184532699997419,
                                    "children": {
                                        "process_trajectory": {
                                            "total": 64.19301770000148,
                                            "count": 32923,
                                            "is_parallel": true,