{
    "name": "root",
    "metadata": {
        "timer_format_version": "0.1.0",
        "start_time_seconds": "1606241994",
        "python_version": "3.7.9 (tags/v3.7.9:13c94747c7, Aug 17 2020, 18:58:18) [MSC v.1900 64 bit (AMD64)]",
        "command_line_arguments": "C:\\Users\\Chauv\\AppData\\Local\\Programs\\Python\\Python37\\Scripts\\mlagents-learn Jumper.yml --run-id Jumper-01",
        "mlagents_version": "0.21.0",
        "mlagents_envs_version": "0.21.0",
        "communication_protocol_version": "1.2.0",
        "tensorflow_version": "2.3.1",
        "numpy_version": "1.19.2",
        "end_time_seconds": "1606257852"
    },
    "total": 15857.374834699998,
    "count": 1,
    "self": 16.57180739999967,
    "children": {
        "run_training.setup": {
            "total": 0.033300099999999944,
            "count": 1,
            "self": 0.033300099999999944
        },
        "TrainerController.start_learning": {
            "total": 15840.769727199999,
            "count": 1,
            "self": 41.1287263012091,
            "children": {
                "TrainerController._reset_env": {
                    "total": 8.603751800000001,
                    "count": 1,
                    "self": 8.603751800000001
                },
                "TrainerController.advance": {
                    "total": 15790.42153479879,
                    "count": 1547099,
                    "self": 21.649549399076932,
                    "children": {
                        "env_step": {
                            "total": 15768.771985399713,
                            "count": 1547099,
                            "self": 14463.765505301793,
                            "children": {
                                "SubprocessEnvManager._take_step": {
                                    "total": 1284.4171792989796,
                                    "count": 1547099,
                                    "self": 40.35619759770384,
                                    "children": {
                                        "TFPolicy.evaluate": {
                                            "total": 1244.0609817012758,
                                            "count": 1547099,
                                            "self": 1244.0609817012758
                                        }
                                    }
                                },
                                "workers": {
                                    "total": 20.589300798940773,
                                    "count": 1547098,
                                    "self": 0.0,
                                    "children": {
                                        "worker_root": {
                                            "total": 15730.972673600063,
                                            "count": 1547098,
                                            "is_parallel": true,
                                            "self": 4610.156379500466,
                                            "children": {
                                                "steps_from_proto": {
                                                    "total": 0.006882799999999634,
                                                    "count": 1,
                                                    "is_parallel": true,
                                                    "self": 0.0009629999999987149,
                                                    "children": {
                                                        "_process_vector_observation": {
                                                            "total": 0.005919800000000919,
                                                            "count": 4,
                                                            "is_parallel": true,
                                                            "self": 0.005919800000000919
                                                        }
                                                    }
                                                },
                                                "UnityEnvironment.step": {
                                                    "total": 11120.809411299597,
                                                    "count": 1547098,
                                                    "is_parallel": true,
                                                    "self": 165.86922300039623,
                                                    "children": {
                                                        "UnityEnvironment._generate_step_input": {
                                                            "total": 137.1140664991446,
                                                            "count": 1547098,
                                                            "is_parallel": true,
                                                            "self": 137.1140664991446
                                                        },
                                                        "communicator.exchange": {
                                                            "total": 10167.800829899617,
                                                            "count": 1547098,
                                                            "is_parallel": true,
                                                            "self": 10167.800829899617
                                                        },
                                                        "steps_from_proto": {
                                                            "total": 650.0252919004375,
                                                            "count": 1547098,
                                                            "is_parallel": true,
                                                            "self": 239.07986369859844,
                                                            "children": {
                                                                "_process_vector_observation": {
                                                                    "total": 410.9454282018391,
                                                                    "count": 6188392,
                                                                    "is_parallel": true,
                                                                    "self": 410.9454282018391
                                                                }
                                                            }
                                                        }
                                                    }
                                                }
                                            }
                                        }
                                    }
                                }
                            }
                        }
                    }
                },
                "TrainerController._save_models": {
                    "total": 0.615714300000036,
                    "count": 1,
                    "self": 0.04305240000030608,
                    "children": {
                        "RLTrainer._checkpoint": {
                            "total": 0.5726618999997299,
                            "count": 1,
                            "self": 0.5726618999997299
                        }
                    }
                }
            }
        }
    }
}