{
    "name": "root",
    "metadata": {
        "timer_format_version": "0.1.0",
        "start_time_seconds": "1606125945",
        "python_version": "3.7.4 (default, Aug  9 2019, 18:34:13) [MSC v.1915 64 bit (AMD64)]",
        "command_line_arguments": "C:\\Users\\laura\\Anaconda3\\Scripts\\mlagents-learn Jumper.yml --run-id Jumper-01",
        "mlagents_version": "0.21.0",
        "mlagents_envs_version": "0.21.0",
        "communication_protocol_version": "1.2.0",
        "tensorflow_version": "2.3.1",
        "numpy_version": "1.16.5",
        "end_time_seconds": "1606126116"
    },
    "total": 171.116121,
    "count": 1,
    "self": 0.008940700000010793,
    "children": {
        "run_training.setup": {
            "total": 0.016109600000000057,
            "count": 1,
            "self": 0.016109600000000057
        },
        "TrainerController.start_learning": {
            "total": 171.0910707,
            "count": 1,
            "self": 0.6318036999997219,
            "children": {
                "TrainerController._reset_env": {
                    "total": 19.148835599999998,
                    "count": 1,
                    "self": 19.148835599999998
                },
                "TrainerController.advance": {
                    "total": 150.90538010000026,
                    "count": 19634,
                    "self": 0.3059552999996811,
                    "children": {
                        "env_step": {
                            "total": 150.59942480000058,
                            "count": 19634,
                            "self": 133.95141169999968,
                            "children": {
                                "SubprocessEnvManager._take_step": {
                                    "total": 16.325197900000482,
                                    "count": 19634,
                                    "self": 0.6334171000018216,
                                    "children": {
                                        "TFPolicy.evaluate": {
                                            "total": 15.69178079999866,
                                            "count": 19634,
                                            "self": 15.69178079999866
                                        }
                                    }
                                },
                                "workers": {
                                    "total": 0.32281520000041297,
                                    "count": 19633,
                                    "self": 0.0,
                                    "children": {
                                        "worker_root": {
                                            "total": 152.45310540000025,
                                            "count": 19633,
                                            "is_parallel": true,
                                            "self": 40.85140029999819,
                                            "children": {
                                                "steps_from_proto": {
                                                    "total": 0.000465099999999552,
                                                    "count": 1,
                                                    "is_parallel": true,
                                                    "self": 0.00022009999999639263,
                                                    "children": {
                                                        "_process_vector_observation": {
                                                            "total": 0.00024500000000315936,
                                                            "count": 4,
                                                            "is_parallel": true,
                                                            "self": 0.00024500000000315936
                                                        }
                                                    }
                                                },
                                                "UnityEnvironment.step": {
                                                    "total": 111.60124000000206,
                                                    "count": 19633,
                                                    "is_parallel": true,
                                                    "self": 2.047870800002954,
                                                    "children": {
                                                        "UnityEnvironment._generate_step_input": {
                                                            "total": 1.7708153000001197,
                                                            "count": 19633,
                                                            "is_parallel": true,
                                                            "self": 1.7708153000001197
                                                        },
                                                        "communicator.exchange": {
                                                            "total": 101.67889889999984,
                                                            "count": 19633,
                                                            "is_parallel": true,
                                                            "self": 101.67889889999984
                                                        },
                                                        "steps_from_proto": {
                                                            "total": 6.103654999999158,
                                                            "count": 19633,
                                                            "is_parallel": true,
                                                            "self": 3.0030802999988957,
                                                            "children": {
                                                                "_process_vector_observation": {
                                                                    "total": 3.100574700000262,
                                                                    "count": 78532,
                                                                    "is_parallel": true,
                                                                    "self": 3.100574700000262
                                                                }
                                                            }
                                                        }
                                                    }
                                                }
                                            }
                                        }
                                    }
                                }
                            }
                        }
                    }
                },
                "trainer_threads": {
                    "total": 3.829999999993561e-05,
                    "count": 1,
                    "self": 3.829999999993561e-05,
                    "children": {
                        "thread_root": {
                            "total": 0.0,
                            "count": 0,
                            "is_parallel": true,
                            "self": 0.0,
                            "children": {
                                "trainer_advance": {
                                    "total": 150.00717930000116,
                                    "count": 74236,
                                    "is_parallel": true,
                                    "self": 3.1005488000066634,
                                    "children": {
                                        "process_trajectory": {
                                            "total": 145.2740419999945,
                                            "count": 74236,
                                            "is_parallel": true,