{
    "name": "root",
    "gauges": {
        "Jump.Policy.Entropy.mean": {
            "value": 0.6822118163108826,
            "min": 0.5776106119155884,
            "max": 0.6926140189170837,
            "count": 70
        },
        "Jump.Policy.ExtrinsicValueEstimate.mean": {
            "value": -0.2044653743505478,
            "min": -0.5857129096984863,
            "max": -0.14367428421974182,
            "count": 70
        },
        "Jump.Policy.CuriosityValueEstimate.mean": {
            "value": 0.0016956606414169073,
            "min": -0.5759814977645874,
            "max": 0.0018647628603503108,
            "count": 70
        },
        "Jump.Environment.EpisodeLength.mean": {
            "value": 362.17857142857144,
            "min": 301.3636363636364,
            "max": 514.9,
            "count": 70
        },
        "Jump.Environment.CumulativeReward.mean": {
            "value": -0.8555555484361119,
            "min": -0.9064516100671983,
            "max": -0.6949999921023846,
            "count": 70
        },
        "Jump.Policy.ExtrinsicReward.mean": {
            "value": -0.8555555484361119,
            "min": -0.9064516100671983,
            "max": -0.6949999921023846,
            "count": 70
        },
        "Jump.Policy.CuriosityReward.mean": {
            "value": 0.003220407725498936,
            "min": 0.0,
            "max": 0.06086445304706855,
            "count": 70
        },
        "Jump.Losses.ValueLoss.mean": {
            "value": 0.005994187667965889,
            "min": 0.0046904562041163445,
            "max": 0.03888170048594475,
            "count": 70
        },
        "Jump.Losses.PolicyLoss.mean": {
            "value": 0.13829819858074188,
            "min": 0.12884631752967834,
            "max": 0.14730991423130035,
            "count": 70
        },
        "Jump.Policy.LearningRate.mean": {
            "value": 0.00029999998514540493,
            "min": 0.00029999998514540493,
            "max": 0.0003000000142492354,
            "count": 70
        },
        "Jump.Policy.Epsilon.mean": {
            "value": 0.20000003278255463,
            "min": 0.20000003278255463,
            "max": 0.20000004768371582,
            "count": 70
        },
        "Jump.Policy.Beta.mean": {
            "value": 0.004999999422580004,
            "min": 0.004999999422580004,
            "max": 0.004999999888241291,
            "count": 70
        },
        "Jump.Losses.CuriosityForwardLoss.mean": {
            "value": 0.0018950242083519697,
            "min": 0.0007521940860897303,
            "max": 0.03846612200140953,
            "count": 70
        },
        "Jump.Losses.CuriosityInverseLoss.mean": {
            "value": 0.6849095225334167,
            "min": 0.5743489861488342,
            "max": 0.694244384765625,
            "count": 70
        },
        "Jump.IsTraining.mean": {
            "value": 1.0,
            "min": 1.0,
            "max": 1.0,
            "count": 70
        }
    },
    "metadata": {
        "timer_format_version": "0.1.0",
        "start_time_seconds": "1606151412",
        "python_version": "3.7.4 (default, Aug  9 2019, 18:34:13) [MSC v.1915 64 bit (AMD64)]",
        "command_line_arguments": "C:\\Users\\laura\\Anaconda3\\Scripts\\mlagents-learn Jumper.yml --run-id Jumper-01",
        "mlagents_version": "0.21.0",
        "mlagents_envs_version": "0.21.0",
        "communication_protocol_version": "1.2.0",
        "tensorflow_version": "2.3.1",
        "numpy_version": "1.16.5",
        "end_time_seconds": "1606154787"
    },
    "total": 3375.2219913999998,
    "count": 1,
    "self": 0.01287709999951403,
    "children": {
        "run_training.setup": {
            "total": 0.04657269999999869,
            "count": 1,
            "self": 0.04657269999999869
        },
        "TrainerController.start_learning": {
            "total": 3375.1625416,
            "count": 1,
            "self": 21.06332939990807,
            "children": {
                "TrainerController._reset_env": {
                    "total": 30.735664500000002,
                    "count": 1,
                    "self": 30.735664500000002
                },
                "TrainerController.advance": {
                    "total": 3322.876403000092,
                    "count": 703817,
                    "self": 10.982028000110859,
                    "children": {
                        "env_step": {
                            "total": 3311.894374999981,
                            "count": 703817,
                            "self": 2729.6963884000156,
                            "children": {
                                "SubprocessEnvManager._take_step": {
                                    "total": 570.7215805999384,
                                    "count": 703817,
                                    "self": 20.895673600155988,
                                    "children": {
                                        "TFPolicy.evaluate": {
                                            "total": 549.8259069997824,
                                            "count": 703817,
                                            "self": 549.8259069997824
                                        }
                                    }
                                },
                                "workers": {
                                    "total": 11.476406000027126,
                                    "count": 703816,
                                    "self": 0.0,
                                    "children": {
                                        "worker_root": {
                                            "total": 3327.696347700072,
                                            "count": 703816,
                                            "is_parallel": true,
                                            "self": 1385.8976705002426,
                                            "children": {
                                                "steps_from_proto": {
                                                    "total": 0.003758499999999998,
                                                    "count": 1,
                                                    "is_parallel": true,
                                                    "self": 0.001100099999998605,
                                                    "children": {
                                                        "_process_vector_observation": {
                                                            "total": 0.002658400000001393,
                                                            "count": 2,
                                                            "is_parallel": true,
                                                            "self": 0.002658400000001393
                                                        }
                                                    }
                                                },
                                                "UnityEnvironment.step": {
                                                    "total": 1941.7949186998292,
                                                    "count": 703816,
                                                    "is_parallel": true,
                                                    "self": 66.64158319979629,
                                                    "children": {
                                                        "UnityEnvironment._generate_step_input": {
                                                            "total": 59.32687889992506,
                                                            "count": 703816,
                                                            "is_parallel": true,
                                                            "self": 59.32687889992506
                                                        },